progress_id,enrollment_id,completion_percentage,last_updated
501,1001,85.0,2025-06-01
502,1002,60.0,2025-06-01
503,1003,100.0,2025-06-01
504,1004,40.0,2025-06-01
505,1005,20.0,2025-06-01
506,1006,75.0,2025-06-01
507,1007,90.0,2025-06-02
508,1008,55.0,2025-06-02
509,1009,80.0,2025-06-02
510,1010,95.0,2025-06-03
511,1011,65.0,2025-06-03
512,1012,30.0,2025-06-03
