enrollment_id,student_id,course_id,enrollment_date
1001,1,101,2025-05-10
1002,1,102,2025-05-12
1003,2,103,2025-05-14
1004,3,104,2025-05-16
1005,4,105,2025-05-18
1006,5,106,2025-05-20
1007,6,101,2025-05-22
1008,2,104,2025-05-23
1009,3,106,2025-05-25
1010,4,103,2025-05-26
1011,5,102,2025-05-28
1012,6,105,2025-05-30
